{
   "transactionStatus":"APPROVED",
   "transactionStatusCode":0,
   "referenceTransactionID":"0021-261639ff-a9dc-48bb-a26c-a35df6d47520",
   "transactionStatusDescription":"OK",
   "customer":{
      "fdCustomerID":"CPpJVK16865800467140000330eaVrjM"
   },
   "fiInfo":[
       {
          "FIID":"505000",
          "FIName":"Bank of Australia",
          "FIHarvestStatus":"Enabled",
          "CurrentStatus":"Active",
          "SdkAction":"Bank Login",
          "URL":[
             {
                "ParamName":"FILogin",
                "ParamVal":"https://secure.bankofamerica.com/login/sign-in/signOnV2Screen.go"
             }
          ]
       },
       {
          "FIID":"505049",
          "FIName":"Bank of Australia",
          "FIHarvestStatus":"Enabled",
          "CurrentStatus":"Active",
          "SdkAction":"Bank Login",
          "URL":[
             {
                "ParamName":"FILogin",
                "ParamVal":"https://secure.bankofamerica.com/login/sign-in/signOnV2Screen.go"
             }
          ]
       },
       {
          "FIID":"505001",
          "FIName":"Bank of Australia",
          "FIHarvestStatus":"Enabled",
          "CurrentStatus":"Active",
          "SdkAction":"Bank Login",
          "URL":[
             {
                "ParamName":"FILogin",
                "ParamVal":"https://secure.bankofamerica.com/login/sign-in/signOnV2Screen.go"
             }
          ]
       },
   ]
}
