{
   "v":1,
   "branding":{
      "clientBranding":{
         "backgroundColor":"FFFFFF",
         "navigationBarBgColor":"FFFFFF",
         "navigationBarTextColor":"191919",
         "buttonColor":"EB1700",
         "buttonTextColor":"FFFFFF",
         "titleBgColor":"CCCCCC",
         "primaryTextColor":"191919",
         "secondaryTextColor":"606060"
      }
   },
   "encryption":{
      "algorithm":"AGN_RNO5M1"
   },
   "threatmetrix":{
      "orgId":"7cz42oxv",
      "apiKey":"zq4cpvqmd3lvnsxq21yp82qfiiwhde4c"
   },
   "aggregator":{
      "adapter":"ALL_DATA"
   },
   "displayWidgets":[
      {
         "id":"CPStreamlinedEnrollmentWidgetGroup",
         "widgets":[
            {
               "type":"CPDefaultEnrolmentWidget",
               "displayMode":"FullScreen"
            }
         ]
      }
   ],
   "widgets":{
      "CPDefaultEnrolmentWidget":{
         "type":"CPDefaultEnrolmentWidget",
         "extraConfig":{
            
         },
         "otherResources":[
            "popup.forwardFi.label"
         ]
      },
      "CPTransparentWidget":{
         "type":"CPTransparentWidget",
         "extraConfig":{
            "skipSuccess":true
         },
         "otherResources":[
            "popup.forwardFi.label"
         ],
         "fieldGroups":[
            {
               "id":"accountNumbersGroup",
               "fields":[
                  [
                     {
                        "id":"routingNumber",
                        "valueType":"RoutingNumber",
                        "isVisible":false,
                        "apiMetadata":{
                           "payloadPath":"userIdentificationDetails"
                        }
                     }
                  ],
                  [
                     {
                        "id":"accountNumber",
                        "valueType":"BankAccountNumber",
                        "isVisible":false,
                        "apiMetadata":{
                           "payloadPath":"userIdentificationDetails"
                        }
                     }
                  ],
                  [
                     {
                        "id":"corporateAccountFlag",
                        "valueType":"Generic",
                        "isVisible":false,
                        "apiMetadata":{
                           "payloadPath":"userIdentificationDetails"
                        }
                     }
                  ],
                  [
                     {
                        "id":"connectPayPaymentNumber",
                        "valueType":"ConnectPayPaymentNumber",
                        "isVisible":false,
                        "apiMetadata":{
                           "payloadPath":"userIdentificationDetails"
                        }
                     }
                  ],
                  [
                     {
                        "id":"onlineBankTransactionId",
                        "valueType":"BankTransactionId",
                        "apiMetadata":{
                           "payloadPath":"userIdentificationDetails"
                        },
                        "isVisible":false,
                        "defaultValue":""
                     }
                  ],
                  [
                     {
                        "id":"bankAccountActualLastFour",
                        "valueType":"bankAccountActualLastFour",
                        "isVisible":false,
                        "defaultValue":"",
                        "apiMetadata":{
                           "payloadPath":"userIdentificationDetails"
                        }
                     }
                  ],
                  [
                     {
                        "id":"bankName",
                        "valueType":"bankName",
                        "isVisible":false,
                        "defaultValue":"",
                        "apiMetadata":{
                           "payloadPath":"userIdentificationDetails"
                        }
                     }
                  ],
                  [
                     {
                        "id":"bankNickName",
                        "valueType":"bankNickName",
                        "isVisible":false,
                        "defaultValue":"",
                        "apiMetadata":{
                           "payloadPath":"userIdentificationDetails"
                        }
                     }
                  ],
                  [
                     {
                        "id":"accountType",
                        "valueType":"accountType",
                        "isVisible":false,
                        "defaultValue":"",
                        "apiMetadata":{
                           "payloadPath":"userIdentificationDetails"
                        }
                     }
                  ],
                  [
                     {
                        "id":"supplementalId",
                        "valueType":"supplementalId",
                        "isVisible":false,
                        "defaultValue":"",
                        "apiMetadata":{
                           "payloadPath":"userIdentificationDetails"
                        }
                     }
                  ]
               ]
            },
            {
               "id":"personalInfoGroup",
               "fields":[
                  [
                     {
                        "id":"firstName",
                        "valueType":"Name",
                        "isVisible":false,
                        "apiMetadata":{
                           "payloadPath":"userDetails"
                        }
                     },
                     {
                        "id":"lastName",
                        "valueType":"Name",
                        "isVisible":false,
                        "apiMetadata":{
                           "payloadPath":"userDetails"
                        }
                     }
                  ],
                  [
                     {
                        "id":"email",
                        "valueType":"Email",
                        "isVisible":false,
                        "apiMetadata":{
                           "payloadPath":"userDetails"
                        }
                     }
                  ],
                  [
                     {
                        "id":"userPhone[0].number",
                        "valueType":"Phone",
                        "isVisible":false
                     },
                     {
                        "id":"userPhone[0].type",
                        "valueType":"Generic",
                        "isVisible":false
                     },
                     {
                        "id":"userPhone[0].primary",
                        "valueType":"Generic",
                        "isVisible":false,
                        "defaultValue":"Y",
                        "validationRules":[
                           
                        ]
                     }
                  ]
               ]
            },
            {
               "id":"addressGroup",
               "fields":[
                  [
                     {
                        "id":"street",
                        "valueType":"AddressLine1",
                        "isVisible":false,
                        "apiMetadata":{
                           "payloadPath":"userAddressDetails"
                        }
                     }
                  ],
                  [
                     {
                        "id":"street2",
                        "valueType":"AddressLine2",
                        "isVisible":false,
                        "apiMetadata":{
                           "payloadPath":"userAddressDetails"
                        }
                     }
                  ],
                  [
                     {
                        "id":"city",
                        "valueType":"City",
                        "isVisible":false,
                        "apiMetadata":{
                           "payloadPath":"userAddressDetails"
                        }
                     }
                  ],
                  [
                     {
                        "id":"state",
                        "valueType":"State",
                        "isVisible":false,
                        "apiMetadata":{
                           "payloadPath":"userAddressDetails"
                        }
                     },
                     {
                        "id":"postalCode",
                        "valueType":"Zipcode",
                        "isVisible":false,
                        "apiMetadata":{
                           "payloadPath":"userAddressDetails"
                        }
                     },
                     {
                        "id":"country",
                        "valueType":"Country",
                        "fieldType":"Input",
                        "inputType":"Dropdown",
                        "isVisible":false,
                        "defaultValue":"USA",
                        "dropDownValues":{
                           "values":[
                              {
                                 "id":"USA"
                              }
                           ]
                        },
                        "apiMetadata":{
                           "payloadPath":"userAddressDetails",
                           "apiValue":840
                        },
                        "validationRules":[
                           {
                              "id":"isRequired",
                              "type":"IsRequired"
                           }
                        ]
                     }
                  ]
               ]
            },
            {
               "id":"otherGroup",
               "fields":[
                  [
                     {
                        "id":"driverLicenseNumber",
                        "valueType":"DriverLicense",
                        "isVisible":false,
                        "apiMetadata":{
                           "payloadPath":"userIdentificationDetails"
                        }
                     },
                     {
                        "id":"driverLicenseState",
                        "valueType":"State",
                        "isVisible":false,
                        "apiMetadata":{
                           "payloadPath":"userIdentificationDetails"
                        }
                     }
                  ],
                  [
                     {
                        "id":"ssn",
                        "valueType":"SSN",
                        "isVisible":false,
                        "apiMetadata":{
                           "payloadPath":"userIdentificationDetails"
                        }
                     }
                  ],
                  [
                     {
                        "id":"gender",
                        "valueType":"Generic",
                        "isVisible":false,
                        "apiMetadata":{
                           "payloadPath":"userDetails"
                        },
                        "validationRules":[
                           
                        ]
                     }
                  ],
                  [
                     {
                        "id":"dob",
                        "valueType":"DateOfBirth",
                        "isVisible":false,
                        "apiMetadata":{
                           "valueFormat":"yyyyMMdd",
                           "payloadPath":"userDetails"
                        }
                     }
                  ],
                  [
                     {
                        "id":"memberSince",
                        "valueType":"Generic",
                        "fieldType":"Input",
                        "inputType":"String",
                        "defaultValue":"",
                        "apiMetadata":{
                           "payloadPath":"userDetails"
                        },
                        "isVisible":false
                     }
                  ]
               ]
            },
            {
               "id":"pinGroup",
               "fields":[
                  [
                     {
                        "id":"pin",
                        "valueType":"Pin",
                        "isVisible":false,
                        "apiMetadata":{
                           "payloadPath":"userIdentificationDetails"
                        }
                     }
                  ]
               ]
            },
            {
               "id":"genericFlags",
               "isVisible":false,
               "fields":[
                  [
                     {
                        "id":"genericFlag1",
                        "valueType":"Generic",
                        "isVisible":false,
                        "defaultValue":"",
                        "apiMetadata":{
                           "payloadPath":"genericFlags"
                        }
                     }
                  ],
                  [
                     {
                        "id":"genericFlag2",
                        "valueType":"Generic",
                        "isVisible":false,
                        "defaultValue":"",
                        "apiMetadata":{
                           "payloadPath":"genericFlags"
                        }
                     }
                  ],
                  [
                     {
                        "id":"genericFlag3",
                        "valueType":"Generic",
                        "isVisible":false,
                        "defaultValue":"",
                        "apiMetadata":{
                           "payloadPath":"genericFlags"
                        }
                     }
                  ]
               ]
            },
            {
               "id":"genericCodes",
               "isVisible":false,
               "fields":[
                  [
                     {
                        "id":"genericCode1",
                        "valueType":"Generic",
                        "isVisible":false,
                        "defaultValue":"",
                        "apiMetadata":{
                           "payloadPath":"genericCodes"
                        }
                     }
                  ],
                  [
                     {
                        "id":"genericCode2",
                        "valueType":"Generic",
                        "isVisible":false,
                        "defaultValue":"",
                        "apiMetadata":{
                           "payloadPath":"genericCodes"
                        }
                     }
                  ],
                  [
                     {
                        "id":"genericCode3",
                        "valueType":"Generic",
                        "isVisible":false,
                        "defaultValue":"",
                        "apiMetadata":{
                           "payloadPath":"genericCodes"
                        }
                     }
                  ]
               ]
            },
            {
               "id":"reportingFields",
               "isVisible":false,
               "fields":[
                  [
                     {
                        "id":"reportingField1",
                        "valueType":"Generic",
                        "isVisible":false,
                        "defaultValue":"",
                        "apiMetadata":{
                           "payloadPath":"reportingFields"
                        }
                     }
                  ],
                  [
                     {
                        "id":"reportingField2",
                        "valueType":"Generic",
                        "isVisible":false,
                        "defaultValue":"",
                        "apiMetadata":{
                           "payloadPath":"reportingFields"
                        }
                     }
                  ],
                  [
                     {
                        "id":"reportingField3",
                        "valueType":"Generic",
                        "isVisible":false,
                        "defaultValue":"",
                        "apiMetadata":{
                           "payloadPath":"reportingFields"
                        }
                     }
                  ]
               ]
            },
            {
               "id":"userSysDetails",
               "isVisible":false,
               "fields":[
                  [
                     {
                        "id":"ipAddress",
                        "valueType":"Generic",
                        "isVisible":false,
                        "defaultValue":"",
                        "apiMetadata":{
                           "payloadPath":"userSysDetails"
                        }
                     }
                  ],
                  [
                     {
                        "id":"trueIpAddress",
                        "valueType":"Generic",
                        "isVisible":false,
                        "defaultValue":"",
                        "apiMetadata":{
                           "payloadPath":"userSysDetails"
                        }
                     }
                  ],
                  [
                     {
                        "id":"imei",
                        "valueType":"Generic",
                        "isVisible":false,
                        "defaultValue":"",
                        "apiMetadata":{
                           "payloadPath":"userSysDetails"
                        }
                     }
                  ],
                  [
                     {
                        "id":"organizationId",
                        "valueType":"Generic",
                        "isVisible":false,
                        "defaultValue":"",
                        "apiMetadata":{
                           "payloadPath":"userSysDetails"
                        }
                     }
                  ],
                  [
                     {
                        "id":"sessionId",
                        "valueType":"Generic",
                        "isVisible":false,
                        "defaultValue":"",
                        "apiMetadata":{
                           "payloadPath":"userSysDetails"
                        }
                     }
                  ]
               ]
            }
         ],
         "buttons":[
            
         ]
      }
   },
   "localizedResources":[
      {
         "locale":"en-US",
         "strings":{
            "UnAuthorized":"Sorry,Access is denied due to invalid credentials",
            "MethodNotAllowed":"Sorry, This Api method is not allowed",
            "CPDefaultEnrolmentWidget.label":"Order your Rewards Card",
            "CPTransparentWidget.label":"Order your Rewards Card",
            "CPTransparentWidget.doneButton.label":"Done",
            "CPTransparentWidget.success.label":"Order your Rewards Card",
            "CPTransparentWidget.error.label":"",
            "CPBankListWidget.label":"Order your Rewards Card"
         }
      }
   ]
}
