{
  "ABIRoot": {
    "kind": "Root",
    "name": "TopLevel",
    "printedName": "TopLevel",
    "children": [
      {
        "kind": "Import",
        "name": "UIKit",
        "printedName": "UIKit",
        "declKind": "Import",
        "moduleName": "PayWithMyBank",
        "declAttributes": [
          "RawDocComment"
        ]
      },
      {
        "kind": "Import",
        "name": "WebKit",
        "printedName": "WebKit",
        "declKind": "Import",
        "moduleName": "PayWithMyBank"
      },
      {
        "kind": "Import",
        "name": "AuthenticationServices",
        "printedName": "AuthenticationServices",
        "declKind": "Import",
        "moduleName": "PayWithMyBank"
      },
      {
        "kind": "Import",
        "name": "SafariServices",
        "printedName": "SafariServices",
        "declKind": "Import",
        "moduleName": "PayWithMyBank"
      },
      {
        "kind": "TypeDecl",
        "name": "PayWithMyBankView",
        "printedName": "PayWithMyBankView",
        "children": [
          {
            "kind": "Var",
            "name": "navBarColor",
            "printedName": "navBarColor",
            "children": [
              {
                "kind": "TypeNominal",
                "name": "ImplicitlyUnwrappedOptional",
                "printedName": "UIKit.UIColor?",
                "children": [
                  {
                    "kind": "TypeNominal",
                    "name": "UIColor",
                    "printedName": "UIKit.UIColor",
                    "usr": "c:objc(cs)UIColor"
                  }
                ],
                "usr": "s:Sq"
              }
            ],
            "declKind": "Var",
            "usr": "s:13PayWithMyBank0abcD4ViewC11navBarColorSo7UIColorCSgvp",
            "mangledName": "$s13PayWithMyBank0abcD4ViewC11navBarColorSo7UIColorCSgvp",
            "moduleName": "PayWithMyBank",
            "declAttributes": [
              "Custom",
              "HasInitialValue",
              "HasStorage",
              "AccessControl"
            ],
            "hasStorage": true,
            "accessors": [
              {
                "kind": "Accessor",
                "name": "Get",
                "printedName": "Get()",
                "children": [
                  {
                    "kind": "TypeNominal",
                    "name": "ImplicitlyUnwrappedOptional",
                    "printedName": "UIKit.UIColor?",
                    "children": [
                      {
                        "kind": "TypeNominal",
                        "name": "UIColor",
                        "printedName": "UIKit.UIColor",
                        "usr": "c:objc(cs)UIColor"
                      }
                    ],
                    "usr": "s:Sq"
                  }
                ],
                "declKind": "Accessor",
                "usr": "s:13PayWithMyBank0abcD4ViewC11navBarColorSo7UIColorCSgvg",
                "mangledName": "$s13PayWithMyBank0abcD4ViewC11navBarColorSo7UIColorCSgvg",
                "moduleName": "PayWithMyBank",
                "implicit": true,
                "accessorKind": "get"
              },
              {
                "kind": "Accessor",
                "name": "Set",
                "printedName": "Set()",
                "children": [
                  {
                    "kind": "TypeNominal",
                    "name": "Void",
                    "printedName": "()"
                  },
                  {
                    "kind": "TypeNominal",
                    "name": "ImplicitlyUnwrappedOptional",
                    "printedName": "UIKit.UIColor?",
                    "children": [
                      {
                        "kind": "TypeNominal",
                        "name": "UIColor",
                        "printedName": "UIKit.UIColor",
                        "usr": "c:objc(cs)UIColor"
                      }
                    ],
                    "usr": "s:Sq"
                  }
                ],
                "declKind": "Accessor",
                "usr": "s:13PayWithMyBank0abcD4ViewC11navBarColorSo7UIColorCSgvs",
                "mangledName": "$s13PayWithMyBank0abcD4ViewC11navBarColorSo7UIColorCSgvs",
                "moduleName": "PayWithMyBank",
                "implicit": true,
                "accessorKind": "set"
              },
              {
                "kind": "Accessor",
                "name": "Modify",
                "printedName": "Modify()",
                "children": [
                  {
                    "kind": "TypeNominal",
                    "name": "Void",
                    "printedName": "()"
                  }
                ],
                "declKind": "Accessor",
                "usr": "s:13PayWithMyBank0abcD4ViewC11navBarColorSo7UIColorCSgvM",
                "mangledName": "$s13PayWithMyBank0abcD4ViewC11navBarColorSo7UIColorCSgvM",
                "moduleName": "PayWithMyBank",
                "implicit": true,
                "accessorKind": "_modify"
              }
            ]
          },
          {
            "kind": "Var",
            "name": "navBarButtonColor",
            "printedName": "navBarButtonColor",
            "children": [
              {
                "kind": "TypeNominal",
                "name": "ImplicitlyUnwrappedOptional",
                "printedName": "UIKit.UIColor?",
                "children": [
                  {
                    "kind": "TypeNominal",
                    "name": "UIColor",
                    "printedName": "UIKit.UIColor",
                    "usr": "c:objc(cs)UIColor"
                  }
                ],
                "usr": "s:Sq"
              }
            ],
            "declKind": "Var",
            "usr": "s:13PayWithMyBank0abcD4ViewC17navBarButtonColorSo7UIColorCSgvp",
            "mangledName": "$s13PayWithMyBank0abcD4ViewC17navBarButtonColorSo7UIColorCSgvp",
            "moduleName": "PayWithMyBank",
            "declAttributes": [
              "Custom",
              "HasInitialValue",
              "HasStorage",
              "AccessControl"
            ],
            "hasStorage": true,
            "accessors": [
              {
                "kind": "Accessor",
                "name": "Get",
                "printedName": "Get()",
                "children": [
                  {
                    "kind": "TypeNominal",
                    "name": "ImplicitlyUnwrappedOptional",
                    "printedName": "UIKit.UIColor?",
                    "children": [
                      {
                        "kind": "TypeNominal",
                        "name": "UIColor",
                        "printedName": "UIKit.UIColor",
                        "usr": "c:objc(cs)UIColor"
                      }
                    ],
                    "usr": "s:Sq"
                  }
                ],
                "declKind": "Accessor",
                "usr": "s:13PayWithMyBank0abcD4ViewC17navBarButtonColorSo7UIColorCSgvg",
                "mangledName": "$s13PayWithMyBank0abcD4ViewC17navBarButtonColorSo7UIColorCSgvg",
                "moduleName": "PayWithMyBank",
                "implicit": true,
                "accessorKind": "get"
              },
              {
                "kind": "Accessor",
                "name": "Set",
                "printedName": "Set()",
                "children": [
                  {
                    "kind": "TypeNominal",
                    "name": "Void",
                    "printedName": "()"
                  },
                  {
                    "kind": "TypeNominal",
                    "name": "ImplicitlyUnwrappedOptional",
                    "printedName": "UIKit.UIColor?",
                    "children": [
                      {
                        "kind": "TypeNominal",
                        "name": "UIColor",
                        "printedName": "UIKit.UIColor",
                        "usr": "c:objc(cs)UIColor"
                      }
                    ],
                    "usr": "s:Sq"
                  }
                ],
                "declKind": "Accessor",
                "usr": "s:13PayWithMyBank0abcD4ViewC17navBarButtonColorSo7UIColorCSgvs",
                "mangledName": "$s13PayWithMyBank0abcD4ViewC17navBarButtonColorSo7UIColorCSgvs",
                "moduleName": "PayWithMyBank",
                "implicit": true,
                "accessorKind": "set"
              },
              {
                "kind": "Accessor",
                "name": "Modify",
                "printedName": "Modify()",
                "children": [
                  {
                    "kind": "TypeNominal",
                    "name": "Void",
                    "printedName": "()"
                  }
                ],
                "declKind": "Accessor",
                "usr": "s:13PayWithMyBank0abcD4ViewC17navBarButtonColorSo7UIColorCSgvM",
                "mangledName": "$s13PayWithMyBank0abcD4ViewC17navBarButtonColorSo7UIColorCSgvM",
                "moduleName": "PayWithMyBank",
                "implicit": true,
                "accessorKind": "_modify"
              }
            ]
          },
          {
            "kind": "Var",
            "name": "navBarTitleColor",
            "printedName": "navBarTitleColor",
            "children": [
              {
                "kind": "TypeNominal",
                "name": "ImplicitlyUnwrappedOptional",
                "printedName": "UIKit.UIColor?",
                "children": [
                  {
                    "kind": "TypeNominal",
                    "name": "UIColor",
                    "printedName": "UIKit.UIColor",
                    "usr": "c:objc(cs)UIColor"
                  }
                ],
                "usr": "s:Sq"
              }
            ],
            "declKind": "Var",
            "usr": "s:13PayWithMyBank0abcD4ViewC16navBarTitleColorSo7UIColorCSgvp",
            "mangledName": "$s13PayWithMyBank0abcD4ViewC16navBarTitleColorSo7UIColorCSgvp",
            "moduleName": "PayWithMyBank",
            "declAttributes": [
              "Custom",
              "HasInitialValue",
              "HasStorage",
              "AccessControl"
            ],
            "hasStorage": true,
            "accessors": [
              {
                "kind": "Accessor",
                "name": "Get",
                "printedName": "Get()",
                "children": [
                  {
                    "kind": "TypeNominal",
                    "name": "ImplicitlyUnwrappedOptional",
                    "printedName": "UIKit.UIColor?",
                    "children": [
                      {
                        "kind": "TypeNominal",
                        "name": "UIColor",
                        "printedName": "UIKit.UIColor",
                        "usr": "c:objc(cs)UIColor"
                      }
                    ],
                    "usr": "s:Sq"
                  }
                ],
                "declKind": "Accessor",
                "usr": "s:13PayWithMyBank0abcD4ViewC16navBarTitleColorSo7UIColorCSgvg",
                "mangledName": "$s13PayWithMyBank0abcD4ViewC16navBarTitleColorSo7UIColorCSgvg",
                "moduleName": "PayWithMyBank",
                "implicit": true,
                "accessorKind": "get"
              },
              {
                "kind": "Accessor",
                "name": "Set",
                "printedName": "Set()",
                "children": [
                  {
                    "kind": "TypeNominal",
                    "name": "Void",
                    "printedName": "()"
                  },
                  {
                    "kind": "TypeNominal",
                    "name": "ImplicitlyUnwrappedOptional",
                    "printedName": "UIKit.UIColor?",
                    "children": [
                      {
                        "kind": "TypeNominal",
                        "name": "UIColor",
                        "printedName": "UIKit.UIColor",
                        "usr": "c:objc(cs)UIColor"
                      }
                    ],
                    "usr": "s:Sq"
                  }
                ],
                "declKind": "Accessor",
                "usr": "s:13PayWithMyBank0abcD4ViewC16navBarTitleColorSo7UIColorCSgvs",
                "mangledName": "$s13PayWithMyBank0abcD4ViewC16navBarTitleColorSo7UIColorCSgvs",
                "moduleName": "PayWithMyBank",
                "implicit": true,
                "accessorKind": "set"
              },
              {
                "kind": "Accessor",
                "name": "Modify",
                "printedName": "Modify()",
                "children": [
                  {
                    "kind": "TypeNominal",
                    "name": "Void",
                    "printedName": "()"
                  }
                ],
                "declKind": "Accessor",
                "usr": "s:13PayWithMyBank0abcD4ViewC16navBarTitleColorSo7UIColorCSgvM",
                "mangledName": "$s13PayWithMyBank0abcD4ViewC16navBarTitleColorSo7UIColorCSgvM",
                "moduleName": "PayWithMyBank",
                "implicit": true,
                "accessorKind": "_modify"
              }
            ]
          },
          {
            "kind": "Var",
            "name": "navBarSubtitleColor",
            "printedName": "navBarSubtitleColor",
            "children": [
              {
                "kind": "TypeNominal",
                "name": "ImplicitlyUnwrappedOptional",
                "printedName": "UIKit.UIColor?",
                "children": [
                  {
                    "kind": "TypeNominal",
                    "name": "UIColor",
                    "printedName": "UIKit.UIColor",
                    "usr": "c:objc(cs)UIColor"
                  }
                ],
                "usr": "s:Sq"
              }
            ],
            "declKind": "Var",
            "usr": "s:13PayWithMyBank0abcD4ViewC19navBarSubtitleColorSo7UIColorCSgvp",
            "mangledName": "$s13PayWithMyBank0abcD4ViewC19navBarSubtitleColorSo7UIColorCSgvp",
            "moduleName": "PayWithMyBank",
            "declAttributes": [
              "Custom",
              "HasInitialValue",
              "HasStorage",
              "AccessControl"
            ],
            "hasStorage": true,
            "accessors": [
              {
                "kind": "Accessor",
                "name": "Get",
                "printedName": "Get()",
                "children": [
                  {
                    "kind": "TypeNominal",
                    "name": "ImplicitlyUnwrappedOptional",
                    "printedName": "UIKit.UIColor?",
                    "children": [
                      {
                        "kind": "TypeNominal",
                        "name": "UIColor",
                        "printedName": "UIKit.UIColor",
                        "usr": "c:objc(cs)UIColor"
                      }
                    ],
                    "usr": "s:Sq"
                  }
                ],
                "declKind": "Accessor",
                "usr": "s:13PayWithMyBank0abcD4ViewC19navBarSubtitleColorSo7UIColorCSgvg",
                "mangledName": "$s13PayWithMyBank0abcD4ViewC19navBarSubtitleColorSo7UIColorCSgvg",
                "moduleName": "PayWithMyBank",
                "implicit": true,
                "accessorKind": "get"
              },
              {
                "kind": "Accessor",
                "name": "Set",
                "printedName": "Set()",
                "children": [
                  {
                    "kind": "TypeNominal",
                    "name": "Void",
                    "printedName": "()"
                  },
                  {
                    "kind": "TypeNominal",
                    "name": "ImplicitlyUnwrappedOptional",
                    "printedName": "UIKit.UIColor?",
                    "children": [
                      {
                        "kind": "TypeNominal",
                        "name": "UIColor",
                        "printedName": "UIKit.UIColor",
                        "usr": "c:objc(cs)UIColor"
                      }
                    ],
                    "usr": "s:Sq"
                  }
                ],
                "declKind": "Accessor",
                "usr": "s:13PayWithMyBank0abcD4ViewC19navBarSubtitleColorSo7UIColorCSgvs",
                "mangledName": "$s13PayWithMyBank0abcD4ViewC19navBarSubtitleColorSo7UIColorCSgvs",
                "moduleName": "PayWithMyBank",
                "implicit": true,
                "accessorKind": "set"
              },
              {
                "kind": "Accessor",
                "name": "Modify",
                "printedName": "Modify()",
                "children": [
                  {
                    "kind": "TypeNominal",
                    "name": "Void",
                    "printedName": "()"
                  }
                ],
                "declKind": "Accessor",
                "usr": "s:13PayWithMyBank0abcD4ViewC19navBarSubtitleColorSo7UIColorCSgvM",
                "mangledName": "$s13PayWithMyBank0abcD4ViewC19navBarSubtitleColorSo7UIColorCSgvM",
                "moduleName": "PayWithMyBank",
                "implicit": true,
                "accessorKind": "_modify"
              }
            ]
          },
          {
            "kind": "Function",
            "name": "selectBankWidget",
            "printedName": "selectBankWidget(_:onBankSelected:)",
            "children": [
              {
                "kind": "TypeNominal",
                "name": "ImplicitlyUnwrappedOptional",
                "printedName": "UIKit.UIView?",
                "children": [
                  {
                    "kind": "TypeNominal",
                    "name": "UIView",
                    "printedName": "UIKit.UIView",
                    "usr": "c:objc(cs)UIView"
                  }
                ],
                "usr": "s:Sq"
              },
              {
                "kind": "TypeNominal",
                "name": "ImplicitlyUnwrappedOptional",
                "printedName": "[Swift.AnyHashable : Any]?",
                "children": [
                  {
                    "kind": "TypeNominal",
                    "name": "Dictionary",
                    "printedName": "[Swift.AnyHashable : Any]",
                    "children": [
                      {
                        "kind": "TypeNominal",
                        "name": "AnyHashable",
                        "printedName": "Swift.AnyHashable",
                        "usr": "s:s11AnyHashableV"
                      },
                      {
                        "kind": "TypeNominal",
                        "name": "ProtocolComposition",
                        "printedName": "Any"
                      }
                    ],
                    "usr": "s:SD"
                  }
                ],
                "usr": "s:Sq"
              },
              {
                "kind": "TypeNominal",
                "name": "ImplicitlyUnwrappedOptional",
                "printedName": "((UIKit.UIView?, [Swift.AnyHashable : Any]?) -> ())?",
                "children": [
                  {
                    "kind": "TypeFunc",
                    "name": "Function",
                    "printedName": "(UIKit.UIView?, [Swift.AnyHashable : Any]?) -> ()",
                    "children": [
                      {
                        "kind": "TypeNominal",
                        "name": "Void",
                        "printedName": "()"
                      },
                      {
                        "kind": "TypeNominal",
                        "name": "Tuple",
                        "printedName": "(UIKit.UIView?, [Swift.AnyHashable : Any]?)",
                        "children": [
                          {
                            "kind": "TypeNominal",
                            "name": "Optional",
                            "printedName": "UIKit.UIView?",
                            "children": [
                              {
                                "kind": "TypeNominal",
                                "name": "UIView",
                                "printedName": "UIKit.UIView",
                                "usr": "c:objc(cs)UIView"
                              }
                            ],
                            "usr": "s:Sq"
                          },
                          {
                            "kind": "TypeNominal",
                            "name": "Optional",
                            "printedName": "[Swift.AnyHashable : Any]?",
                            "children": [
                              {
                                "kind": "TypeNominal",
                                "name": "Dictionary",
                                "printedName": "[Swift.AnyHashable : Any]",
                                "children": [
                                  {
                                    "kind": "TypeNominal",
                                    "name": "AnyHashable",
                                    "printedName": "Swift.AnyHashable",
                                    "usr": "s:s11AnyHashableV"
                                  },
                                  {
                                    "kind": "TypeNominal",
                                    "name": "ProtocolComposition",
                                    "printedName": "Any"
                                  }
                                ],
                                "usr": "s:SD"
                              }
                            ],
                            "usr": "s:Sq"
                          }
                        ]
                      }
                    ]
                  }
                ],
                "usr": "s:Sq"
              }
            ],
            "declKind": "Func",
            "usr": "c:@M@PayWithMyBank@objc(cs)PayWithMyBankView(im)selectBankWidget:onBankSelected:",
            "mangledName": "$s13PayWithMyBank0abcD4ViewC06selectD6Widget_02onD8SelectedSo6UIViewCSgSDys11AnyHashableVypGSg_yAH_ALtcSgtF",
            "moduleName": "PayWithMyBank",
            "objc_name": "selectBankWidget:onBankSelected:",
            "declAttributes": [
              "ObjC",
              "Custom",
              "AccessControl",
              "RawDocComment"
            ],
            "funcSelfKind": "NonMutating"
          },
          {
            "kind": "Function",
            "name": "establish",
            "printedName": "establish(_:onReturn:onCancel:)",
            "children": [
              {
                "kind": "TypeNominal",
                "name": "ImplicitlyUnwrappedOptional",
                "printedName": "UIKit.UIView?",
                "children": [
                  {
                    "kind": "TypeNominal",
                    "name": "UIView",
                    "printedName": "UIKit.UIView",
                    "usr": "c:objc(cs)UIView"
                  }
                ],
                "usr": "s:Sq"
              },
              {
                "kind": "TypeNominal",
                "name": "ImplicitlyUnwrappedOptional",
                "printedName": "[Swift.AnyHashable : Any]?",
                "children": [
                  {
                    "kind": "TypeNominal",
                    "name": "Dictionary",
                    "printedName": "[Swift.AnyHashable : Any]",
                    "children": [
                      {
                        "kind": "TypeNominal",
                        "name": "AnyHashable",
                        "printedName": "Swift.AnyHashable",
                        "usr": "s:s11AnyHashableV"
                      },
                      {
                        "kind": "TypeNominal",
                        "name": "ProtocolComposition",
                        "printedName": "Any"
                      }
                    ],
                    "usr": "s:SD"
                  }
                ],
                "usr": "s:Sq"
              },
              {
                "kind": "TypeNominal",
                "name": "ImplicitlyUnwrappedOptional",
                "printedName": "((UIKit.UIView?, [Swift.AnyHashable : Any]?) -> ())?",
                "children": [
                  {
                    "kind": "TypeFunc",
                    "name": "Function",
                    "printedName": "(UIKit.UIView?, [Swift.AnyHashable : Any]?) -> ()",
                    "children": [
                      {
                        "kind": "TypeNominal",
                        "name": "Void",
                        "printedName": "()"
                      },
                      {
                        "kind": "TypeNominal",
                        "name": "Tuple",
                        "printedName": "(UIKit.UIView?, [Swift.AnyHashable : Any]?)",
                        "children": [
                          {
                            "kind": "TypeNominal",
                            "name": "Optional",
                            "printedName": "UIKit.UIView?",
                            "children": [
                              {
                                "kind": "TypeNominal",
                                "name": "UIView",
                                "printedName": "UIKit.UIView",
                                "usr": "c:objc(cs)UIView"
                              }
                            ],
                            "usr": "s:Sq"
                          },
                          {
                            "kind": "TypeNominal",
                            "name": "Optional",
                            "printedName": "[Swift.AnyHashable : Any]?",
                            "children": [
                              {
                                "kind": "TypeNominal",
                                "name": "Dictionary",
                                "printedName": "[Swift.AnyHashable : Any]",
                                "children": [
                                  {
                                    "kind": "TypeNominal",
                                    "name": "AnyHashable",
                                    "printedName": "Swift.AnyHashable",
                                    "usr": "s:s11AnyHashableV"
                                  },
                                  {
                                    "kind": "TypeNominal",
                                    "name": "ProtocolComposition",
                                    "printedName": "Any"
                                  }
                                ],
                                "usr": "s:SD"
                              }
                            ],
                            "usr": "s:Sq"
                          }
                        ]
                      }
                    ]
                  }
                ],
                "usr": "s:Sq"
              },
              {
                "kind": "TypeNominal",
                "name": "ImplicitlyUnwrappedOptional",
                "printedName": "((UIKit.UIView?, [Swift.AnyHashable : Any]?) -> ())?",
                "children": [
                  {
                    "kind": "TypeFunc",
                    "name": "Function",
                    "printedName": "(UIKit.UIView?, [Swift.AnyHashable : Any]?) -> ()",
                    "children": [
                      {
                        "kind": "TypeNominal",
                        "name": "Void",
                        "printedName": "()"
                      },
                      {
                        "kind": "TypeNominal",
                        "name": "Tuple",
                        "printedName": "(UIKit.UIView?, [Swift.AnyHashable : Any]?)",
                        "children": [
                          {
                            "kind": "TypeNominal",
                            "name": "Optional",
                            "printedName": "UIKit.UIView?",
                            "children": [
                              {
                                "kind": "TypeNominal",
                                "name": "UIView",
                                "printedName": "UIKit.UIView",
                                "usr": "c:objc(cs)UIView"
                              }
                            ],
                            "usr": "s:Sq"
                          },
                          {
                            "kind": "TypeNominal",
                            "name": "Optional",
                            "printedName": "[Swift.AnyHashable : Any]?",
                            "children": [
                              {
                                "kind": "TypeNominal",
                                "name": "Dictionary",
                                "printedName": "[Swift.AnyHashable : Any]",
                                "children": [
                                  {
                                    "kind": "TypeNominal",
                                    "name": "AnyHashable",
                                    "printedName": "Swift.AnyHashable",
                                    "usr": "s:s11AnyHashableV"
                                  },
                                  {
                                    "kind": "TypeNominal",
                                    "name": "ProtocolComposition",
                                    "printedName": "Any"
                                  }
                                ],
                                "usr": "s:SD"
                              }
                            ],
                            "usr": "s:Sq"
                          }
                        ]
                      }
                    ]
                  }
                ],
                "usr": "s:Sq"
              }
            ],
            "declKind": "Func",
            "usr": "c:@M@PayWithMyBank@objc(cs)PayWithMyBankView(im)establish:onReturn:onCancel:",
            "mangledName": "$s13PayWithMyBank0abcD4ViewC9establish_8onReturn0G6CancelSo6UIViewCSgSDys11AnyHashableVypGSg_yAI_AMtcSgANtF",
            "moduleName": "PayWithMyBank",
            "objc_name": "establish:onReturn:onCancel:",
            "declAttributes": [
              "ObjC",
              "Custom",
              "AccessControl"
            ],
            "funcSelfKind": "NonMutating"
          },
          {
            "kind": "Function",
            "name": "hybrid",
            "printedName": "hybrid(_:returnUrl:onReturn:cancelUrl:onCancel:)",
            "children": [
              {
                "kind": "TypeNominal",
                "name": "ImplicitlyUnwrappedOptional",
                "printedName": "UIKit.UIView?",
                "children": [
                  {
                    "kind": "TypeNominal",
                    "name": "UIView",
                    "printedName": "UIKit.UIView",
                    "usr": "c:objc(cs)UIView"
                  }
                ],
                "usr": "s:Sq"
              },
              {
                "kind": "TypeNominal",
                "name": "ImplicitlyUnwrappedOptional",
                "printedName": "Swift.String?",
                "children": [
                  {
                    "kind": "TypeNominal",
                    "name": "String",
                    "printedName": "Swift.String",
                    "usr": "s:SS"
                  }
                ],
                "usr": "s:Sq"
              },
              {
                "kind": "TypeNominal",
                "name": "ImplicitlyUnwrappedOptional",
                "printedName": "Swift.String?",
                "children": [
                  {
                    "kind": "TypeNominal",
                    "name": "String",
                    "printedName": "Swift.String",
                    "usr": "s:SS"
                  }
                ],
                "usr": "s:Sq"
              },
              {
                "kind": "TypeNominal",
                "name": "ImplicitlyUnwrappedOptional",
                "printedName": "((UIKit.UIView?, [Swift.AnyHashable : Any]?) -> ())?",
                "children": [
                  {
                    "kind": "TypeFunc",
                    "name": "Function",
                    "printedName": "(UIKit.UIView?, [Swift.AnyHashable : Any]?) -> ()",
                    "children": [
                      {
                        "kind": "TypeNominal",
                        "name": "Void",
                        "printedName": "()"
                      },
                      {
                        "kind": "TypeNominal",
                        "name": "Tuple",
                        "printedName": "(UIKit.UIView?, [Swift.AnyHashable : Any]?)",
                        "children": [
                          {
                            "kind": "TypeNominal",
                            "name": "Optional",
                            "printedName": "UIKit.UIView?",
                            "children": [
                              {
                                "kind": "TypeNominal",
                                "name": "UIView",
                                "printedName": "UIKit.UIView",
                                "usr": "c:objc(cs)UIView"
                              }
                            ],
                            "usr": "s:Sq"
                          },
                          {
                            "kind": "TypeNominal",
                            "name": "Optional",
                            "printedName": "[Swift.AnyHashable : Any]?",
                            "children": [
                              {
                                "kind": "TypeNominal",
                                "name": "Dictionary",
                                "printedName": "[Swift.AnyHashable : Any]",
                                "children": [
                                  {
                                    "kind": "TypeNominal",
                                    "name": "AnyHashable",
                                    "printedName": "Swift.AnyHashable",
                                    "usr": "s:s11AnyHashableV"
                                  },
                                  {
                                    "kind": "TypeNominal",
                                    "name": "ProtocolComposition",
                                    "printedName": "Any"
                                  }
                                ],
                                "usr": "s:SD"
                              }
                            ],
                            "usr": "s:Sq"
                          }
                        ]
                      }
                    ]
                  }
                ],
                "usr": "s:Sq"
              },
              {
                "kind": "TypeNominal",
                "name": "ImplicitlyUnwrappedOptional",
                "printedName": "Swift.String?",
                "children": [
                  {
                    "kind": "TypeNominal",
                    "name": "String",
                    "printedName": "Swift.String",
                    "usr": "s:SS"
                  }
                ],
                "usr": "s:Sq"
              },
              {
                "kind": "TypeNominal",
                "name": "ImplicitlyUnwrappedOptional",
                "printedName": "((UIKit.UIView?, [Swift.AnyHashable : Any]?) -> ())?",
                "children": [
                  {
                    "kind": "TypeFunc",
                    "name": "Function",
                    "printedName": "(UIKit.UIView?, [Swift.AnyHashable : Any]?) -> ()",
                    "children": [
                      {
                        "kind": "TypeNominal",
                        "name": "Void",
                        "printedName": "()"
                      },
                      {
                        "kind": "TypeNominal",
                        "name": "Tuple",
                        "printedName": "(UIKit.UIView?, [Swift.AnyHashable : Any]?)",
                        "children": [
                          {
                            "kind": "TypeNominal",
                            "name": "Optional",
                            "printedName": "UIKit.UIView?",
                            "children": [
                              {
                                "kind": "TypeNominal",
                                "name": "UIView",
                                "printedName": "UIKit.UIView",
                                "usr": "c:objc(cs)UIView"
                              }
                            ],
                            "usr": "s:Sq"
                          },
                          {
                            "kind": "TypeNominal",
                            "name": "Optional",
                            "printedName": "[Swift.AnyHashable : Any]?",
                            "children": [
                              {
                                "kind": "TypeNominal",
                                "name": "Dictionary",
                                "printedName": "[Swift.AnyHashable : Any]",
                                "children": [
                                  {
                                    "kind": "TypeNominal",
                                    "name": "AnyHashable",
                                    "printedName": "Swift.AnyHashable",
                                    "usr": "s:s11AnyHashableV"
                                  },
                                  {
                                    "kind": "TypeNominal",
                                    "name": "ProtocolComposition",
                                    "printedName": "Any"
                                  }
                                ],
                                "usr": "s:SD"
                              }
                            ],
                            "usr": "s:Sq"
                          }
                        ]
                      }
                    ]
                  }
                ],
                "usr": "s:Sq"
              }
            ],
            "declKind": "Func",
            "usr": "c:@M@PayWithMyBank@objc(cs)PayWithMyBankView(im)hybrid:returnUrl:onReturn:cancelUrl:onCancel:",
            "mangledName": "$s13PayWithMyBank0abcD4ViewC6hybrid_9returnUrl8onReturn06cancelH00I6CancelSo6UIViewCSgSSSg_ALyAK_SDys11AnyHashableVypGSgtcSgAlQtF",
            "moduleName": "PayWithMyBank",
            "objc_name": "hybrid:returnUrl:onReturn:cancelUrl:onCancel:",
            "declAttributes": [
              "ObjC",
              "Custom",
              "AccessControl"
            ],
            "funcSelfKind": "NonMutating"
          },
          {
            "kind": "Function",
            "name": "verify",
            "printedName": "verify(_:onReturn:onCancel:)",
            "children": [
              {
                "kind": "TypeNominal",
                "name": "UIView",
                "printedName": "UIKit.UIView",
                "usr": "c:objc(cs)UIView"
              },
              {
                "kind": "TypeNominal",
                "name": "ImplicitlyUnwrappedOptional",
                "printedName": "[Swift.AnyHashable : Any]?",
                "children": [
                  {
                    "kind": "TypeNominal",
                    "name": "Dictionary",
                    "printedName": "[Swift.AnyHashable : Any]",
                    "children": [
                      {
                        "kind": "TypeNominal",
                        "name": "AnyHashable",
                        "printedName": "Swift.AnyHashable",
                        "usr": "s:s11AnyHashableV"
                      },
                      {
                        "kind": "TypeNominal",
                        "name": "ProtocolComposition",
                        "printedName": "Any"
                      }
                    ],
                    "usr": "s:SD"
                  }
                ],
                "usr": "s:Sq"
              },
              {
                "kind": "TypeNominal",
                "name": "ImplicitlyUnwrappedOptional",
                "printedName": "((UIKit.UIView?, [Swift.AnyHashable : Any]?) -> ())?",
                "children": [
                  {
                    "kind": "TypeFunc",
                    "name": "Function",
                    "printedName": "(UIKit.UIView?, [Swift.AnyHashable : Any]?) -> ()",
                    "children": [
                      {
                        "kind": "TypeNominal",
                        "name": "Void",
                        "printedName": "()"
                      },
                      {
                        "kind": "TypeNominal",
                        "name": "Tuple",
                        "printedName": "(UIKit.UIView?, [Swift.AnyHashable : Any]?)",
                        "children": [
                          {
                            "kind": "TypeNominal",
                            "name": "Optional",
                            "printedName": "UIKit.UIView?",
                            "children": [
                              {
                                "kind": "TypeNominal",
                                "name": "UIView",
                                "printedName": "UIKit.UIView",
                                "usr": "c:objc(cs)UIView"
                              }
                            ],
                            "usr": "s:Sq"
                          },
                          {
                            "kind": "TypeNominal",
                            "name": "Optional",
                            "printedName": "[Swift.AnyHashable : Any]?",
                            "children": [
                              {
                                "kind": "TypeNominal",
                                "name": "Dictionary",
                                "printedName": "[Swift.AnyHashable : Any]",
                                "children": [
                                  {
                                    "kind": "TypeNominal",
                                    "name": "AnyHashable",
                                    "printedName": "Swift.AnyHashable",
                                    "usr": "s:s11AnyHashableV"
                                  },
                                  {
                                    "kind": "TypeNominal",
                                    "name": "ProtocolComposition",
                                    "printedName": "Any"
                                  }
                                ],
                                "usr": "s:SD"
                              }
                            ],
                            "usr": "s:Sq"
                          }
                        ]
                      }
                    ]
                  }
                ],
                "usr": "s:Sq"
              },
              {
                "kind": "TypeNominal",
                "name": "ImplicitlyUnwrappedOptional",
                "printedName": "((UIKit.UIView?, [Swift.AnyHashable : Any]?) -> ())?",
                "children": [
                  {
                    "kind": "TypeFunc",
                    "name": "Function",
                    "printedName": "(UIKit.UIView?, [Swift.AnyHashable : Any]?) -> ()",
                    "children": [
                      {
                        "kind": "TypeNominal",
                        "name": "Void",
                        "printedName": "()"
                      },
                      {
                        "kind": "TypeNominal",
                        "name": "Tuple",
                        "printedName": "(UIKit.UIView?, [Swift.AnyHashable : Any]?)",
                        "children": [
                          {
                            "kind": "TypeNominal",
                            "name": "Optional",
                            "printedName": "UIKit.UIView?",
                            "children": [
                              {
                                "kind": "TypeNominal",
                                "name": "UIView",
                                "printedName": "UIKit.UIView",
                                "usr": "c:objc(cs)UIView"
                              }
                            ],
                            "usr": "s:Sq"
                          },
                          {
                            "kind": "TypeNominal",
                            "name": "Optional",
                            "printedName": "[Swift.AnyHashable : Any]?",
                            "children": [
                              {
                                "kind": "TypeNominal",
                                "name": "Dictionary",
                                "printedName": "[Swift.AnyHashable : Any]",
                                "children": [
                                  {
                                    "kind": "TypeNominal",
                                    "name": "AnyHashable",
                                    "printedName": "Swift.AnyHashable",
                                    "usr": "s:s11AnyHashableV"
                                  },
                                  {
                                    "kind": "TypeNominal",
                                    "name": "ProtocolComposition",
                                    "printedName": "Any"
                                  }
                                ],
                                "usr": "s:SD"
                              }
                            ],
                            "usr": "s:Sq"
                          }
                        ]
                      }
                    ]
                  }
                ],
                "usr": "s:Sq"
              }
            ],
            "declKind": "Func",
            "usr": "c:@M@PayWithMyBank@objc(cs)PayWithMyBankView(im)verify:onReturn:onCancel:",
            "mangledName": "$s13PayWithMyBank0abcD4ViewC6verify_8onReturn0G6CancelSo6UIViewCSDys11AnyHashableVypGSg_yAHSg_ALtcSgANtF",
            "moduleName": "PayWithMyBank",
            "objc_name": "verify:onReturn:onCancel:",
            "declAttributes": [
              "ObjC",
              "Custom",
              "AccessControl"
            ],
            "funcSelfKind": "NonMutating"
          },
          {
            "kind": "Function",
            "name": "onExternalUrl",
            "printedName": "onExternalUrl(_:)",
            "children": [
              {
                "kind": "TypeNominal",
                "name": "Void",
                "printedName": "()"
              },
              {
                "kind": "TypeFunc",
                "name": "Function",
                "printedName": "(UIKit.UIView?, [Swift.AnyHashable : Any]?) -> ()",
                "children": [
                  {
                    "kind": "TypeNominal",
                    "name": "Void",
                    "printedName": "()"
                  },
                  {
                    "kind": "TypeNominal",
                    "name": "Tuple",
                    "printedName": "(UIKit.UIView?, [Swift.AnyHashable : Any]?)",
                    "children": [
                      {
                        "kind": "TypeNominal",
                        "name": "Optional",
                        "printedName": "UIKit.UIView?",
                        "children": [
                          {
                            "kind": "TypeNominal",
                            "name": "UIView",
                            "printedName": "UIKit.UIView",
                            "usr": "c:objc(cs)UIView"
                          }
                        ],
                        "usr": "s:Sq"
                      },
                      {
                        "kind": "TypeNominal",
                        "name": "Optional",
                        "printedName": "[Swift.AnyHashable : Any]?",
                        "children": [
                          {
                            "kind": "TypeNominal",
                            "name": "Dictionary",
                            "printedName": "[Swift.AnyHashable : Any]",
                            "children": [
                              {
                                "kind": "TypeNominal",
                                "name": "AnyHashable",
                                "printedName": "Swift.AnyHashable",
                                "usr": "s:s11AnyHashableV"
                              },
                              {
                                "kind": "TypeNominal",
                                "name": "ProtocolComposition",
                                "printedName": "Any"
                              }
                            ],
                            "usr": "s:SD"
                          }
                        ],
                        "usr": "s:Sq"
                      }
                    ]
                  }
                ]
              }
            ],
            "declKind": "Func",
            "usr": "c:@M@PayWithMyBank@objc(cs)PayWithMyBankView(im)onExternalUrl:",
            "mangledName": "$s13PayWithMyBank0abcD4ViewC13onExternalUrlyyySo6UIViewCSg_SDys11AnyHashableVypGSgtcF",
            "moduleName": "PayWithMyBank",
            "objc_name": "onExternalUrl:",
            "declAttributes": [
              "ObjC",
              "Custom",
              "AccessControl"
            ],
            "funcSelfKind": "NonMutating"
          },
          {
            "kind": "Function",
            "name": "onChangeListener",
            "printedName": "onChangeListener(_:)",
            "children": [
              {
                "kind": "TypeNominal",
                "name": "Void",
                "printedName": "()"
              },
              {
                "kind": "TypeFunc",
                "name": "Function",
                "printedName": "(Swift.String?, Foundation.NSMutableDictionary?) -> ()",
                "children": [
                  {
                    "kind": "TypeNominal",
                    "name": "Void",
                    "printedName": "()"
                  },
                  {
                    "kind": "TypeNominal",
                    "name": "Tuple",
                    "printedName": "(Swift.String?, Foundation.NSMutableDictionary?)",
                    "children": [
                      {
                        "kind": "TypeNominal",
                        "name": "Optional",
                        "printedName": "Swift.String?",
                        "children": [
                          {
                            "kind": "TypeNominal",
                            "name": "String",
                            "printedName": "Swift.String",
                            "usr": "s:SS"
                          }
                        ],
                        "usr": "s:Sq"
                      },
                      {
                        "kind": "TypeNominal",
                        "name": "Optional",
                        "printedName": "Foundation.NSMutableDictionary?",
                        "children": [
                          {
                            "kind": "TypeNominal",
                            "name": "NSMutableDictionary",
                            "printedName": "Foundation.NSMutableDictionary",
                            "usr": "c:objc(cs)NSMutableDictionary"
                          }
                        ],
                        "usr": "s:Sq"
                      }
                    ]
                  }
                ]
              }
            ],
            "declKind": "Func",
            "usr": "c:@M@PayWithMyBank@objc(cs)PayWithMyBankView(im)onChangeListener:",
            "mangledName": "$s13PayWithMyBank0abcD4ViewC16onChangeListeneryyySSSg_So19NSMutableDictionaryCSgtcF",
            "moduleName": "PayWithMyBank",
            "objc_name": "onChangeListener:",
            "declAttributes": [
              "ObjC",
              "Custom",
              "AccessControl"
            ],
            "funcSelfKind": "NonMutating"
          },
          {
            "kind": "Function",
            "name": "webView",
            "printedName": "webView(_:createWebViewWith:for:windowFeatures:)",
            "children": [
              {
                "kind": "TypeNominal",
                "name": "Optional",
                "printedName": "WebKit.WKWebView?",
                "children": [
                  {
                    "kind": "TypeNominal",
                    "name": "WKWebView",
                    "printedName": "WebKit.WKWebView",
                    "usr": "c:objc(cs)WKWebView"
                  }
                ],
                "usr": "s:Sq"
              },
              {
                "kind": "TypeNominal",
                "name": "WKWebView",
                "printedName": "WebKit.WKWebView",
                "usr": "c:objc(cs)WKWebView"
              },
              {
                "kind": "TypeNominal",
                "name": "WKWebViewConfiguration",
                "printedName": "WebKit.WKWebViewConfiguration",
                "usr": "c:objc(cs)WKWebViewConfiguration"
              },
              {
                "kind": "TypeNominal",
                "name": "WKNavigationAction",
                "printedName": "WebKit.WKNavigationAction",
                "usr": "c:objc(cs)WKNavigationAction"
              },
              {
                "kind": "TypeNominal",
                "name": "WKWindowFeatures",
                "printedName": "WebKit.WKWindowFeatures",
                "usr": "c:objc(cs)WKWindowFeatures"
              }
            ],
            "declKind": "Func",
            "usr": "c:@M@PayWithMyBank@objc(cs)PayWithMyBankView(im)webView:createWebViewWithConfiguration:forNavigationAction:windowFeatures:",
            "mangledName": "$s13PayWithMyBank0abcD4ViewC03webE0_09createWebeB03for14windowFeaturesSo05WKWebE0CSgAI_So0lE13ConfigurationCSo18WKNavigationActionCSo08WKWindowK0CtF",
            "moduleName": "PayWithMyBank",
            "objc_name": "webView:createWebViewWithConfiguration:forNavigationAction:windowFeatures:",
            "declAttributes": [
              "ObjC",
              "Custom",
              "AccessControl",
              "RawDocComment"
            ],
            "funcSelfKind": "NonMutating"
          },
          {
            "kind": "Function",
            "name": "userContentController",
            "printedName": "userContentController(_:didReceive:)",
            "children": [
              {
                "kind": "TypeNominal",
                "name": "Void",
                "printedName": "()"
              },
              {
                "kind": "TypeNominal",
                "name": "WKUserContentController",
                "printedName": "WebKit.WKUserContentController",
                "usr": "c:objc(cs)WKUserContentController"
              },
              {
                "kind": "TypeNominal",
                "name": "WKScriptMessage",
                "printedName": "WebKit.WKScriptMessage",
                "usr": "c:objc(cs)WKScriptMessage"
              }
            ],
            "declKind": "Func",
            "usr": "c:@M@PayWithMyBank@objc(cs)PayWithMyBankView(im)userContentController:didReceiveScriptMessage:",
            "mangledName": "$s13PayWithMyBank0abcD4ViewC21userContentController_10didReceiveySo06WKUsergH0C_So15WKScriptMessageCtF",
            "moduleName": "PayWithMyBank",
            "objc_name": "userContentController:didReceiveScriptMessage:",
            "declAttributes": [
              "ObjC",
              "Custom",
              "AccessControl",
              "RawDocComment"
            ],
            "funcSelfKind": "NonMutating"
          },
          {
            "kind": "Function",
            "name": "webView",
            "printedName": "webView(_:didFinish:)",
            "children": [
              {
                "kind": "TypeNominal",
                "name": "Void",
                "printedName": "()"
              },
              {
                "kind": "TypeNominal",
                "name": "WKWebView",
                "printedName": "WebKit.WKWebView",
                "usr": "c:objc(cs)WKWebView"
              },
              {
                "kind": "TypeNominal",
                "name": "ImplicitlyUnwrappedOptional",
                "printedName": "WebKit.WKNavigation?",
                "children": [
                  {
                    "kind": "TypeNominal",
                    "name": "WKNavigation",
                    "printedName": "WebKit.WKNavigation",
                    "usr": "c:objc(cs)WKNavigation"
                  }
                ],
                "usr": "s:Sq"
              }
            ],
            "declKind": "Func",
            "usr": "c:@M@PayWithMyBank@objc(cs)PayWithMyBankView(im)webView:didFinishNavigation:",
            "mangledName": "$s13PayWithMyBank0abcD4ViewC03webE0_9didFinishySo05WKWebE0C_So12WKNavigationCSgtF",
            "moduleName": "PayWithMyBank",
            "objc_name": "webView:didFinishNavigation:",
            "declAttributes": [
              "ObjC",
              "Custom",
              "AccessControl",
              "RawDocComment"
            ],
            "funcSelfKind": "NonMutating"
          },
          {
            "kind": "Function",
            "name": "webView",
            "printedName": "webView(webView:didFailNavigation:)",
            "children": [
              {
                "kind": "TypeNominal",
                "name": "Void",
                "printedName": "()"
              },
              {
                "kind": "TypeNominal",
                "name": "ImplicitlyUnwrappedOptional",
                "printedName": "WebKit.WKWebView?",
                "children": [
                  {
                    "kind": "TypeNominal",
                    "name": "WKWebView",
                    "printedName": "WebKit.WKWebView",
                    "usr": "c:objc(cs)WKWebView"
                  }
                ],
                "usr": "s:Sq"
              },
              {
                "kind": "TypeNominal",
                "name": "ImplicitlyUnwrappedOptional",
                "printedName": "Foundation.NSError?",
                "children": [
                  {
                    "kind": "TypeNominal",
                    "name": "NSError",
                    "printedName": "Foundation.NSError",
                    "usr": "c:objc(cs)NSError"
                  }
                ],
                "usr": "s:Sq"
              }
            ],
            "declKind": "Func",
            "usr": "s:13PayWithMyBank0abcD4ViewC03webE0AD17didFailNavigationySo05WKWebE0CSg_So7NSErrorCSgtF",
            "mangledName": "$s13PayWithMyBank0abcD4ViewC03webE0AD17didFailNavigationySo05WKWebE0CSg_So7NSErrorCSgtF",
            "moduleName": "PayWithMyBank",
            "declAttributes": [
              "Custom",
              "AccessControl"
            ],
            "funcSelfKind": "NonMutating"
          },
          {
            "kind": "Function",
            "name": "webView",
            "printedName": "webView(_:decidePolicyFor:decisionHandler:)",
            "children": [
              {
                "kind": "TypeNominal",
                "name": "Void",
                "printedName": "()"
              },
              {
                "kind": "TypeNominal",
                "name": "WKWebView",
                "printedName": "WebKit.WKWebView",
                "usr": "c:objc(cs)WKWebView"
              },
              {
                "kind": "TypeNominal",
                "name": "WKNavigationAction",
                "printedName": "WebKit.WKNavigationAction",
                "usr": "c:objc(cs)WKNavigationAction"
              },
              {
                "kind": "TypeFunc",
                "name": "Function",
                "printedName": "(WebKit.WKNavigationActionPolicy) -> ()",
                "children": [
                  {
                    "kind": "TypeNominal",
                    "name": "Void",
                    "printedName": "()"
                  },
                  {
                    "kind": "TypeNominal",
                    "name": "WKNavigationActionPolicy",
                    "printedName": "WebKit.WKNavigationActionPolicy",
                    "usr": "c:@E@WKNavigationActionPolicy"
                  }
                ],
                "typeAttributes": [
                  "noescape"
                ]
              }
            ],
            "declKind": "Func",
            "usr": "c:@M@PayWithMyBank@objc(cs)PayWithMyBankView(im)webView:decidePolicyForNavigationAction:decisionHandler:",
            "mangledName": "$s13PayWithMyBank0abcD4ViewC03webE0_15decidePolicyFor15decisionHandlerySo05WKWebE0C_So18WKNavigationActionCySo0mnH0VXEtF",
            "moduleName": "PayWithMyBank",
            "objc_name": "webView:decidePolicyForNavigationAction:decisionHandler:",
            "declAttributes": [
              "ObjC",
              "Custom",
              "AccessControl",
              "RawDocComment"
            ],
            "funcSelfKind": "NonMutating"
          },
          {
            "kind": "Function",
            "name": "presentationAnchor",
            "printedName": "presentationAnchor(for:)",
            "children": [
              {
                "kind": "TypeNominal",
                "name": "UIWindow",
                "printedName": "UIKit.UIWindow",
                "usr": "c:objc(cs)UIWindow"
              },
              {
                "kind": "TypeNominal",
                "name": "ASWebAuthenticationSession",
                "printedName": "AuthenticationServices.ASWebAuthenticationSession",
                "usr": "c:objc(cs)ASWebAuthenticationSession"
              }
            ],
            "declKind": "Func",
            "usr": "c:@CM@PayWithMyBank@objc(cs)PayWithMyBankView(im)presentationAnchorForWebAuthenticationSession:",
            "mangledName": "$s13PayWithMyBank0abcD4ViewC18presentationAnchor3forSo8UIWindowCSo26ASWebAuthenticationSessionC_tF",
            "moduleName": "PayWithMyBank",
            "objc_name": "presentationAnchorForWebAuthenticationSession:",
            "declAttributes": [
              "Dynamic",
              "ObjC",
              "Custom",
              "AccessControl"
            ],
            "isFromExtension": true,
            "funcSelfKind": "NonMutating"
          },
          {
            "kind": "Var",
            "name": "trustlyCloseWebview",
            "printedName": "trustlyCloseWebview",
            "children": [
              {
                "kind": "TypeNominal",
                "name": "String",
                "printedName": "Swift.String",
                "usr": "s:SS"
              }
            ],
            "declKind": "Var",
            "usr": "s:13PayWithMyBank0abcD4ViewC19trustlyCloseWebviewSSvpZ",
            "mangledName": "$s13PayWithMyBank0abcD4ViewC19trustlyCloseWebviewSSvpZ",
            "moduleName": "PayWithMyBank",
            "static": true,
            "declAttributes": [
              "Custom",
              "HasInitialValue",
              "Final",
              "HasStorage",
              "AccessControl"
            ],
            "isFromExtension": true,
            "isLet": true,
            "hasStorage": true,
            "accessors": [
              {
                "kind": "Accessor",
                "name": "Get",
                "printedName": "Get()",
                "children": [
                  {
                    "kind": "TypeNominal",
                    "name": "String",
                    "printedName": "Swift.String",
                    "usr": "s:SS"
                  }
                ],
                "declKind": "Accessor",
                "usr": "s:13PayWithMyBank0abcD4ViewC19trustlyCloseWebviewSSvgZ",
                "mangledName": "$s13PayWithMyBank0abcD4ViewC19trustlyCloseWebviewSSvgZ",
                "moduleName": "PayWithMyBank",
                "static": true,
                "implicit": true,
                "declAttributes": [
                  "Final"
                ],
                "isFromExtension": true,
                "accessorKind": "get"
              }
            ]
          }
        ],
        "declKind": "Class",
        "usr": "c:@M@PayWithMyBank@objc(cs)PayWithMyBankView",
        "mangledName": "$s13PayWithMyBank0abcD4ViewC",
        "moduleName": "PayWithMyBank",
        "objc_name": "PayWithMyBankView",
        "declAttributes": [
          "Custom",
          "AccessControl",
          "ObjC"
        ],
        "superclassUsr": "c:objc(cs)UIView",
        "hasMissingDesignatedInitializers": true,
        "inheritsConvenienceInitializers": true,
        "superclassNames": [
          "UIKit.UIView",
          "UIKit.UIResponder",
          "ObjectiveC.NSObject"
        ],
        "conformances": [
          {
            "kind": "Conformance",
            "name": "Equatable",
            "printedName": "Equatable",
            "usr": "s:SQ",
            "mangledName": "$sSQ"
          },
          {
            "kind": "Conformance",
            "name": "Hashable",
            "printedName": "Hashable",
            "usr": "s:SH",
            "mangledName": "$sSH"
          },
          {
            "kind": "Conformance",
            "name": "CVarArg",
            "printedName": "CVarArg",
            "usr": "s:s7CVarArgP",
            "mangledName": "$ss7CVarArgP"
          },
          {
            "kind": "Conformance",
            "name": "_KeyValueCodingAndObservingPublishing",
            "printedName": "_KeyValueCodingAndObservingPublishing",
            "usr": "s:10Foundation37_KeyValueCodingAndObservingPublishingP",
            "mangledName": "$s10Foundation37_KeyValueCodingAndObservingPublishingP"
          },
          {
            "kind": "Conformance",
            "name": "_KeyValueCodingAndObserving",
            "printedName": "_KeyValueCodingAndObserving",
            "usr": "s:10Foundation27_KeyValueCodingAndObservingP",
            "mangledName": "$s10Foundation27_KeyValueCodingAndObservingP"
          },
          {
            "kind": "Conformance",
            "name": "CustomStringConvertible",
            "printedName": "CustomStringConvertible",
            "usr": "s:s23CustomStringConvertibleP",
            "mangledName": "$ss23CustomStringConvertibleP"
          },
          {
            "kind": "Conformance",
            "name": "CustomDebugStringConvertible",
            "printedName": "CustomDebugStringConvertible",
            "usr": "s:s28CustomDebugStringConvertibleP",
            "mangledName": "$ss28CustomDebugStringConvertibleP"
          },
          {
            "kind": "Conformance",
            "name": "__DefaultCustomPlaygroundQuickLookable",
            "printedName": "__DefaultCustomPlaygroundQuickLookable",
            "usr": "s:s38__DefaultCustomPlaygroundQuickLookableP",
            "mangledName": "$ss38__DefaultCustomPlaygroundQuickLookableP"
          }
        ]
      }
    ],
    "json_format_version": 8
  },
  "ConstValues": [
    {
      "filePath": "\/Users\/marcos.rivereto\/paywithmybank\/source\/ios-sdk\/sdk\/PayWithMyBank\/PayWithMyBank\/PayWithMyBankView.swift",
      "kind": "IntegerLiteral",
      "offset": 1295,
      "length": 3,
      "value": "100"
    },
    {
      "filePath": "\/Users\/marcos.rivereto\/paywithmybank\/source\/ios-sdk\/sdk\/PayWithMyBank\/PayWithMyBank\/PayWithMyBankView.swift",
      "kind": "IntegerLiteral",
      "offset": 1330,
      "length": 2,
      "value": "99"
    },
    {
      "filePath": "\/Users\/marcos.rivereto\/paywithmybank\/source\/ios-sdk\/sdk\/PayWithMyBank\/PayWithMyBank\/PayWithMyBankView.swift",
      "kind": "IntegerLiteral",
      "offset": 1364,
      "length": 2,
      "value": "98"
    },
    {
      "filePath": "\/Users\/marcos.rivereto\/paywithmybank\/source\/ios-sdk\/sdk\/PayWithMyBank\/PayWithMyBank\/PayWithMyBankView.swift",
      "kind": "IntegerLiteral",
      "offset": 1401,
      "length": 2,
      "value": "97"
    },
    {
      "filePath": "\/Users\/marcos.rivereto\/paywithmybank\/source\/ios-sdk\/sdk\/PayWithMyBank\/PayWithMyBank\/PayWithMyBankView.swift",
      "kind": "IntegerLiteral",
      "offset": 1437,
      "length": 2,
      "value": "96"
    },
    {
      "filePath": "\/Users\/marcos.rivereto\/paywithmybank\/source\/ios-sdk\/sdk\/PayWithMyBank\/PayWithMyBank\/PayWithMyBankView.swift",
      "kind": "IntegerLiteral",
      "offset": 1474,
      "length": 2,
      "value": "95"
    },
    {
      "filePath": "\/Users\/marcos.rivereto\/paywithmybank\/source\/ios-sdk\/sdk\/PayWithMyBank\/PayWithMyBank\/PayWithMyBankView.swift",
      "kind": "IntegerLiteral",
      "offset": 1501,
      "length": 2,
      "value": "26"
    },
    {
      "filePath": "\/Users\/marcos.rivereto\/paywithmybank\/source\/ios-sdk\/sdk\/PayWithMyBank\/PayWithMyBank\/PayWithMyBankView.swift",
      "kind": "IntegerLiteral",
      "offset": 1530,
      "length": 2,
      "value": "10"
    },
    {
      "filePath": "\/Users\/marcos.rivereto\/paywithmybank\/source\/ios-sdk\/sdk\/PayWithMyBank\/PayWithMyBank\/PayWithMyBankView.swift",
      "kind": "IntegerLiteral",
      "offset": 1560,
      "length": 2,
      "value": "10"
    },
    {
      "filePath": "\/Users\/marcos.rivereto\/paywithmybank\/source\/ios-sdk\/sdk\/PayWithMyBank\/PayWithMyBank\/PayWithMyBankView.swift",
      "kind": "StringLiteral",
      "offset": 1596,
      "length": 41,
      "value": "\"com.paywithmybank.ios.sdk.PayWithMyBank\""
    },
    {
      "filePath": "\/Users\/marcos.rivereto\/paywithmybank\/source\/ios-sdk\/sdk\/PayWithMyBank\/PayWithMyBank\/PayWithMyBankView.swift",
      "kind": "StringLiteral",
      "offset": 1894,
      "length": 730,
      "value": "\"iVBORw0KGgoAAAANSUhEUgAAADIAAAAyCAYAAAAeP4ixAAAACXBIWXMAACxLAAAsSwGlPZapAAAAAXNSR0IArs4c6QAAAARnQU1BAACxjwv8YQUAAAG1SURBVHgB3diLTcNADAZgpxOUBVA6CYzQDdoRGMETABMAG8AEVUdggmaDdoMYn5KTQlSau8RnW\/ySVUWyo\/sa9XEH8E9SDS+IaM0vO647rmNVVUdwFF5feAlr3HLVXN+8xq9x047rQr\/zAk4SEFwbrma0xhNXHZvqK4iYdzDODUTMITbu6XbMMAmIkHbV968n7re3wFD3mdhwhXe8Thl4pLSoYRKfRMxpOPhBaSmOyUS0XLvxDcwxmYgQ\/OtGZhgxhCVGHGGBKYbQxBRHaGDUECUx6ogSGDOEJMYcIYFxg1iKcYWYi6Fuz9MkziBoJgPz6RYxA+MXIYxB8JCFGARPmYlB8JhMDIJQViAY6s6XHjJG7sFTKP8Xe5g38JCFCB8YIYQtRhhhg5mBQEr\/NtPB0IK\/4m4wtHA\/wdeVOYaENkWmGBLe2ZlgqND2VBVDhffYKhhSOigoiiHl044iGDI6shHFkPG5kwjGGiGG8YBYjKHuaTSJgwgKycQ8x6Ft4gCCYjIw5ziACc0IBknEtLF56okgGCYB0w6bT9carBExExgcNtZch37xoc5cT+AoPeZ1ALhExA8NsASbTxPzlwAAAABJRU5ErkJggg==\""
    },
    {
      "filePath": "\/Users\/marcos.rivereto\/paywithmybank\/source\/ios-sdk\/sdk\/PayWithMyBank\/PayWithMyBank\/PayWithMyBankView.swift",
      "kind": "StringLiteral",
      "offset": 2986,
      "length": 14,
      "value": "\"InAppBrowser\""
    },
    {
      "filePath": "\/Users\/marcos.rivereto\/paywithmybank\/source\/ios-sdk\/sdk\/PayWithMyBank\/PayWithMyBank\/PayWithMyBankView.swift",
      "kind": "StringLiteral",
      "offset": 3411,
      "length": 14,
      "value": "\"msg:\/\/return\""
    },
    {
      "filePath": "\/Users\/marcos.rivereto\/paywithmybank\/source\/ios-sdk\/sdk\/PayWithMyBank\/PayWithMyBank\/PayWithMyBankView.swift",
      "kind": "StringLiteral",
      "offset": 3454,
      "length": 14,
      "value": "\"msg:\/\/cancel\""
    },
    {
      "filePath": "\/Users\/marcos.rivereto\/paywithmybank\/source\/ios-sdk\/sdk\/PayWithMyBank\/PayWithMyBank\/PayWithMyBankView.swift",
      "kind": "StringLiteral",
      "offset": 3497,
      "length": 2,
      "value": "\"\""
    },
    {
      "filePath": "\/Users\/marcos.rivereto\/paywithmybank\/source\/ios-sdk\/sdk\/PayWithMyBank\/PayWithMyBank\/PayWithMyBankView.swift",
      "kind": "Array",
      "offset": 3583,
      "length": 36,
      "value": "[\"paywithmybank.com\", \"trustly.one\"]"
    },
    {
      "filePath": "\/Users\/marcos.rivereto\/paywithmybank\/source\/ios-sdk\/sdk\/PayWithMyBank\/PayWithMyBank\/PayWithMyBankView.swift",
      "kind": "StringLiteral",
      "offset": 3653,
      "length": 15,
      "value": "\"\/oauth\/login\/\""
    },
    {
      "filePath": "\/Users\/marcos.rivereto\/paywithmybank\/source\/ios-sdk\/sdk\/PayWithMyBank\/PayWithMyBank\/PayWithMyBankView.swift",
      "kind": "StringLiteral",
      "offset": 22675,
      "length": 23,
      "value": "\"trustly.close.webView\""
    }
  ]
}