{
  "creditCardBrands":[
      {
        "id":"VISA",
        "icon":"https://images.gyft.com/ucomm/visa_logo_2.gif",
        "cvvLength": 3,
        "validLengths": [16],
        "regex":"^(?:4[0-9]*)$",
        "subBrands":[
          {
            "id":"DANKORT_VISA",
            "icon":"https://images.gyft.com/ucomm/discover_logo_2.gif",
            "cvvLength": 3,
            "validLengths":[16],
            "binRanges":[
              {
                "min":"4571"
              }
            ]
          }
        ]
      },
      {
        "id":"MASTERCARD",
        "icon":"https://images.gyft.com/ucomm/mastercard_logo_2.gif",
        "cvvLength": 3,
        "validLengths": [16],
        "regex":"^((?:5[1-5][0-9]{2}|222[1-9]|22[3-9][0-9]|2[3-6][0-9]{2}|27[01][0-9]|2720)[0-9]*)$",
        "subBrands":[
          {
            "id":"DINNERS_CLUB_MASTERCARD",
            "icon":"https://images.gyft.com/ucomm/discover_logo_2.gif",
            "cvvLength": 3,
            "validLengths":[16],
            "binRanges":[
              {
                "min":"54"
              },
              {
                "min":"55"
              }
            ]
          },
          {
            "id":"MAESTRO",
            "icon":"https://images.gyft.com/ucomm/discover_logo_2.gif",
            "cvvLength": 3,
            "validLengths":[12, 13, 14, 15, 16, 17, 18, 19],
            "binRanges":[
              {
                "min":"50"
              },
              {
                "min":"56",
                "max":"58"
              },
              {
                "min":"639"
              },
              {
                "min":"67"
              }
            ]
          }
        ]
      },
      {
        "id":"AMEX",
        "icon":"https://images.gyft.com/ucomm/american_express_logo_2.gif",
        "cvvLength": 4,
        "validLengths": [15],
        "regex":"^(3[47][0-9]*)$"
      },
      {
        "id":"DISCOVER",
        "icon":"https://images.gyft.com/ucomm/discover_logo_2.gif",
        "cvvLength": 3,
        "validLengths":[16, 17, 18, 19],
        "binRanges":[
          {
            "min":"6011"
          },
          {
            "min":"64"
          },
          {
            "min":"65"
          }
        ]
      },
      {
        "id":"DINNERS_CLUB_INTERNATIONAL",
        "icon":"https://images.gyft.com/ucomm/discover_logo_2.gif",
        "cvvLength": 3,
        "validLengths":[14, 15, 16, 17, 18, 19],
        "binRanges":[
          {
            "min":"36"
          }
        ]
      },
      {
        "id":"DINNERS_CLUB_INTERNATIONAL_2",
        "icon":"https://images.gyft.com/ucomm/discover_logo_2.gif",
        "cvvLength": 3,
        "validLengths":[16, 17, 18, 19],
        "binRanges":[
          {
            "min":"300",
            "max":"305"
          },
          {
            "min":"3095"
          },
          {
            "min":"38",
            "max":"39"
          }
        ]
      },
      {
        "id":"JCB",
        "icon":"https://images.gyft.com/ucomm/discover_logo_2.gif",
        "cvvLength": 3,
        "validLengths":[16, 17, 18, 19],
        "binRanges":[
          {
            "min":"3528",
            "max":"3589"
          }
        ]
      },
      {
        "id":"DANKORT",
        "icon":"https://images.gyft.com/ucomm/discover_logo_2.gif",
        "cvvLength": 3,
        "validLengths":[16],
        "binRanges":[
          {
            "min":"5019"
          }
        ]
      }
    ],
  "supportedCountries":[
      {
        "id":"USA",
        "states":[
          {
            "id":"AL"
          },
          {
            "id":"AK"
          },
          {
            "id":"AS"
          },
          {
            "id":"AZ"
          },
          {
            "id":"AR"
          },
          {
            "id":"CA"
          },
          {
            "id":"CO"
          },
          {
            "id":"CT"
          },
          {
            "id":"DE"
          },
          {
            "id":"DC"
          },
          {
            "id":"FM"
          },
          {
            "id":"FL"
          },
          {
            "id":"GA"
          },
          {
            "id":"GU"
          },
          {
            "id":"HI"
          },
          {
            "id":"ID"
          },
          {
            "id":"IL"
          },
          {
            "id":"IN"
          },
          {
            "id":"IA"
          },
          {
            "id":"KS"
          },
          {
            "id":"KY"
          },
          {
            "id":"LA"
          },
          {
            "id":"ME"
          },
          {
            "id":"MH"
          },
          {
            "id":"MD"
          },
          {
            "id":"MA"
          },
          {
            "id":"MI"
          },
          {
            "id":"MN"
          },
          {
            "id":"MS"
          },
          {
            "id":"MO"
          },
          {
            "id":"MT"
          },
          {
            "id":"NE"
          },
          {
            "id":"NV"
          },
          {
            "id":"NH"
          },
          {
            "id":"NJ"
          },
          {
            "id":"NM"
          },
          {
            "id":"NY"
          },
          {
            "id":"NC"
          },
          {
            "id":"ND"
          },
          {
            "id":"MP"
          },
          {
            "id":"OH"
          },
          {
            "id":"OK"
          },
          {
            "id":"OR"
          },
          {
            "id":"PW"
          },
          {
            "id":"PA"
          },
          {
            "id":"PR"
          },
          {
            "id":"RI"
          },
          {
            "id":"SC"
          },
          {
            "id":"SD"
          },
          {
            "id":"TN"
          },
          {
            "id":"TX"
          },
          {
            "id":"UT"
          },
          {
            "id":"VT"
          },
          {
            "id":"VI"
          },
          {
            "id":"VA"
          },
          {
            "id":"WA"
          },
          {
            "id":"WV"
          },
          {
            "id":"WI"
          },
          {
            "id":"WY"
          }]
      },
      {
        "id":"CA",
        "states":[
          {"id":"AB"},
          {"id":"BC"},
          {"id":"MB"},
          {"id":"NB"},
          {"id":"NL"},
          {"id":"NT"},
          {"id":"NS"},
          {"id":"NU"},
          {"id":"ON"},
          {"id":"PE"},
          {"id":"QC"},
          {"id":"SK"},
          {"id":"YT"}
        ]
      }
    ],

  "supportedPaymentTypes":[
    {
      "type":"CreditCard"
    },
    {
      "type":"ACH"
    },
    {
      "type":"Wallet"
    },
    {
      "type":"Gift"
    }
  ],

  "errorCodes":[
    "MissingTokenMsg",
    "MissingConfigIdMsg",
    "MissingRedirectionURLMsg",
    "MissingApiKeyMsg",
    "MissingFdCustomerMsg",
    "EncryptionKeyInvalid",
    "RedirectURLErrorMsg",
    "CreditCardLengthError",
    "CVVLengthError"
  ],
  "defaultGenericStrings":[

  ]
}